ratings,PD,N,D,Default Rate
A,0.1,382,33,0.08638743455497382
B,0.15,515,81,0.15728155339805824
C,0.2,103,21,0.20388349514563106
